alpha,success_rate
1e-05,62.9450549451
0.000505,62.8571428571
0.001,62.989010989
