alpha,success_rate
1e-05,60.8351648352
0.000505,60.6153846154
0.001,60.7472527473
